"url","payload_key_raw","payload_value_raw","payload_key_utf8","payload_value_utf8","label"
"url","payload_key_raw","payload_value_raw","payload_key_utf8","payload_value_utf8","label"
"url","payload_key_raw","payload_value_raw","payload_key_utf8","payload_value_utf8","label"
"url","payload_key_raw","payload_value_raw","payload_key_utf8","payload_value_utf8","label"
"url","payload_key_raw","payload_value_raw","payload_key_utf8","payload_value_utf8","label"
"url","payload_key_raw","payload_value_raw","payload_key_utf8","payload_value_utf8","label"
"url","payload_key_raw","payload_value_raw","payload_key_utf8","payload_value_utf8","label"
"url","payload_key_raw","payload_value_raw","payload_key_utf8","payload_value_utf8","label"
"url","payload_key_raw","payload_value_raw","payload_key_utf8","payload_value_utf8","label"
"url","payload_key_raw","payload_value_raw","payload_key_utf8","payload_value_utf8","label"
